Title,Link,Page
Embroidered 3 PC Suit,https://pk.image1993.com/products/embroidered-3-pc-suit-15988-651-106,1
Embroidered CO-ORD Set,https://pk.image1993.com/products/embroidered-co-ord-set-15570-601-575,1
Embroidered 3 PC Suit,https://pk.image1993.com/products/embroidered-3-pc-suit-15484-601-308,1
Embroidered CO-ORD Set,https://pk.image1993.com/products/embroidered-co-ord-set-15498-401-551,1
Embroidered 3 PC Suit,https://pk.image1993.com/products/embroidered-3-pc-suit-15610-401-101,1
Embroidered 3 PC Suit,https://pk.image1993.com/products/embroidered-3-pc-suit-15613-401-104,1
Embroidered 3 PC Suit,https://pk.image1993.com/products/embroidered-3-pc-suit-15502-401-101,1
Embroidered CO-ORD Set,https://pk.image1993.com/products/embroidered-co-ord-set-15624-401-533,1
Embroidered CO-ORD Set,https://pk.image1993.com/products/embroidered-co-ord-set-15608-401-111,1
Embroidered CO-ORD Set,https://pk.image1993.com/products/embroidered-co-ord-set-15670-401-303,1
Embroidered CO-ORD Set,https://pk.image1993.com/products/embroidered-co-ord-set-15466-401-552,1
Embroidered CO-ORD Set,https://pk.image1993.com/products/embroidered-co-ord-set-15501-401-608,1
Embroidered CO-ORD Set,https://pk.image1993.com/products/embroidered-co-ord-set-15686-401-436,2
2 PC Embroidered,https://pk.image1993.com/products/2-pc-embroidered-15626-401-104,2
Embroidered Kurta,https://pk.image1993.com/products/embroidered-kurta-15668-401-366,2
Embroidered CO-ORD Set,https://pk.image1993.com/products/embroidered-co-ord-set-15401-401-351,2
Embroidered Kurta,https://pk.image1993.com/products/embroidered-kurta-15500-251-201,2
Embroidered CO-ORD Set,https://pk.image1993.com/products/embroidered-co-ord-set-15399-251-433,2
Embroidered CO-ORD Set,https://pk.image1993.com/products/embroidered-co-ord-set-15345-251-302,2
Printed Solid CO-ORD Set,https://pk.image1993.com/products/printed-solid-co-ord-set-15810-201-501,2
Embroidered CO-ORD Set,https://pk.image1993.com/products/embroidered-co-ord-set-15347-251-209,2
Embroidered CO-ORD Set,https://pk.image1993.com/products/embroidered-co-ord-set-15348-251-104,2
Embroidered Kurta,https://pk.image1993.com/products/embroidered-kurta-15301-251-555,2
Embroidered CO-ORD Set,https://pk.image1993.com/products/embroidered-co-ord-set-15370-251-424,2
Printed Solid CO-ORD Set,https://pk.image1993.com/products/printed-solid-co-ord-set-15729-201-353,3
Embroidered CO-ORD Set,https://pk.image1993.com/products/embroidered-co-ord-set-15350-251-504,3
Embroidered CO-ORD Set,https://pk.image1993.com/products/embroidered-co-ord-set-15383-251-584,3
Embroidered CO-ORD Set,https://pk.image1993.com/products/embroidered-co-ord-set-15589-251-403,3
Embroidered CO-ORD Set,https://pk.image1993.com/products/embroidered-co-ord-set-15429-251-106,3
Embroidered CO-ORD Set,https://pk.image1993.com/products/embroidered-co-ord-set-15465-251-355,3
Embroidered 3 PC Suit,https://pk.image1993.com/products/embroidered-3-pc-suit-15193-451-107,3
Embroidered CO-ORD Set,https://pk.image1993.com/products/embroidered-co-ord-set-15349-251-201,3
Embroidered 3 PC Suit,https://pk.image1993.com/products/embroidered-3-pc-suit-14273-451-575,3
Embroidered 3 PC Suit,https://pk.image1993.com/products/embroidered-3-pc-suit-15115-451-425,3
Embroidered CO-ORD Set,https://pk.image1993.com/products/embroidered-co-ord-set-15400-251-316,3
Embroidered 3 PC Suit,https://pk.image1993.com/products/embroidered-3-pc-suit-15114-451-401,3
Embroidered 3 PC Suit,https://pk.image1993.com/products/embroidered-3-pc-suit-15099-451-501,4
Embroidered 3 PC Suit,https://pk.image1993.com/products/embroidered-3-pc-suit-15587-451-605,4
Embroidered CO-ORD Set,https://pk.image1993.com/products/embroidered-co-ord-set-15612-451-572,4
Embroidered 3 PC Suit,https://pk.image1993.com/products/embroidered-3-pc-suit-15571-401-101,4
Embroidered 3 PC Suit,https://pk.image1993.com/products/embroidered-3-pc-suit-14632-401-304,4
Embroidered CO-ORD Set,https://pk.image1993.com/products/embroidered-co-ord-set-15788-401-706,4
Embroidered CO-ORD Set,https://pk.image1993.com/products/embroidered-co-ord-set-15453-251-576,4
Embroidered 3 PC Suit,https://pk.image1993.com/products/embroidered-3-pc-suit-15615-451-405,4
Embroidered 3 PC Suit,https://pk.image1993.com/products/embroidered-3-pc-suit-15616-451-575,4
Embroidered 3 PC Suit,https://pk.image1993.com/products/embroidered-3-pc-suit-15084-451-531,4
Embroidered Kurta,https://pk.image1993.com/products/embroidered-kurta-15811-401-407,4
Embroidered CO-ORD Set,https://pk.image1993.com/products/embroidered-co-ord-set-15740-401-303,4
Embroidered CO-ORD Set,https://pk.image1993.com/products/embroidered-co-ord-set-15667-401-437,5
Embroidered 3 PC Suit,https://pk.image1993.com/products/embroidered-3-pc-suit-14949-401-107,5
Embroidered CO-ORD Set,https://pk.image1993.com/products/embroidered-co-ord-set-15528-251-317,5
Embroidered CO-ORD Set,https://pk.image1993.com/products/embroidered-co-ord-set-14093-451-704,5
Embroidered 3 PC Suit,https://pk.image1993.com/products/embroidered-3-pc-suit-15569-451-301,5
Embroidered 3 PC Suit,https://pk.image1993.com/products/embroidered-3-pc-suit-15071-451-579,5
Embroidered CO-ORD Set,https://pk.image1993.com/products/embroidered-co-ord-set-15627-401-354,5
Embroidered CO-ORD Set,https://pk.image1993.com/products/embroidered-co-ord-set-15529-401-587,5
Embroidered CO-ORD Set,https://pk.image1993.com/products/embroidered-co-ord-set-15505-451-201,5
Embroidered 3 PC Suit,https://pk.image1993.com/products/embroidered-3-pc-suit-14235-451-405,5
Embroidered CO-ORD Set,https://pk.image1993.com/products/embroidered-3-pc-suit-15454-401-101,5
Embroidered CO-ORD Set,https://pk.image1993.com/products/embroidered-co-ord-set-15669-401-301,5
